<?xml version="1.0" encoding="UTF-8"?>
<project-private xmlns="http://www.netbeans.org/ns/project-private/1">
    <editor-bookmarks xmlns="http://www.netbeans.org/ns/editor-bookmarks/2" lastBookmarkId="0"/>
    <open-files xmlns="http://www.netbeans.org/ns/projectui-open-files/2">
        <group>
            <file>file:/C:/Users/rodri/Desktop/escuela/UnidadEducativa/src/ManejoAlumno/Main.java</file>
            <file>file:/C:/Users/rodri/Desktop/escuela/UnidadEducativa/src/ManejoAlumno/MainSecretaria.java</file>
            <file>file:/C:/Users/rodri/Desktop/escuela/UnidadEducativa/src/ManejoAlumno/MenuCajero.java</file>
            <file>file:/C:/Users/rodri/Desktop/escuela/UnidadEducativa/src/ManejoAlumno/Login.java</file>
            <file>file:/C:/Users/rodri/Desktop/escuela/UnidadEducativa/src/ManejoAlumno/Registro.java</file>
            <file>file:/C:/Users/rodri/Desktop/escuela/UnidadEducativa/src/ManejoAlumno/DataAlumnosSecretaria.java</file>
            <file>file:/C:/Users/rodri/Desktop/escuela/UnidadEducativa/src/ManejoAlumno/RegistroSecretaria.java</file>
            <file>file:/C:/Users/rodri/Desktop/escuela/UnidadEducativa/src/ManejoAlumno/MainCajero.java</file>
        </group>
    </open-files>
</project-private>
